word_1,word_2,simlex_999,word2vec_cbow,word2vec_skipgram,fasttext_cbow,fasttext_skipgram
old,new,1.58,0.073203504,0.06493559,0.03785378,0.25906733
smart,intelligent,9.2,-0.0055841645,0.051899403,0.12007461,0.13840035
hard,difficult,8.77,0.08909997,0.12951653,0.1499079,0.109649636
happy,cheerful,9.55,0.33603984,0.2915857,0.18459636,0.32846424
hard,easy,0.95,0.033772755,0.07847604,0.101611674,0.25691405
fast,rapid,8.75,0.226142,0.26734215,-0.012861063,0.2225747
happy,glad,9.17,0.31847736,0.2643274,0.1038091,0.22410554
short,long,1.23,0.32223308,0.38980874,0.05747998,0.33394608
stupid,dumb,9.58,0,0,0.1347222,0.1572034
weird,strange,8.93,0.27755702,0.22244537,-0.047858022,0.30314776
wide,narrow,1.03,0.41684258,0.43295956,0.28383702,0.2331334
bad,awful,8.42,-0.10981768,-0.109791234,0.0187587,0.14980547
easy,difficult,0.58,0.24623333,0.27503037,0.06997652,0.099346094
bad,terrible,7.78,-0.17946349,-0.17979228,0.07533919,0.32305598
hard,simple,1.38,0.23984978,0.27092823,0.08328628,0.24199848
smart,dumb,0.55,0,0,-0.010878646,0.17631358
insane,crazy,9.57,0,0,0.10652127,0.43364117
happy,mad,0.95,0.0061561204,-0.048254758,0.05239366,0.23743993
large,huge,9.47,0.3420773,0.30597547,0.43425214,0.2686869
hard,tough,8.05,0,0,0.098389834,0.26912516
new,fresh,6.83,-0.015213364,-0.022153866,0.010027745,0.20738713
sharp,dull,0.6,0.26770014,0.26864687,0.2107561,0.22848402
quick,rapid,9.7,0.08507276,0.13053326,0.07228943,0.3509492
dumb,foolish,6.67,0,0,-0.009862557,0.28308877
wonderful,terrific,8.63,0.02030919,0.0031325063,0.14850223,0.19207591
strange,odd,9.02,0.15426241,0.14338808,0.073937625,0.22634892
happy,angry,1.28,0.18523704,0.15745668,0.04260393,0.11635553
narrow,broad,1.18,0.49080396,0.4983815,0.39197227,0.28244692
simple,easy,9.4,0.30273202,0.44677,0.06865487,0.2515932
old,fresh,0.87,-0.17267212,-0.11172335,-0.08272908,0.009115231
apparent,obvious,8.47,0.13679405,0.16505595,-0.020462427,0.1794879
inexpensive,cheap,8.72,0,0,-0.15767169,0.41312304
nice,generous,5,0.11497508,-0.0666618,0.027312228,0.31255203
weird,normal,0.72,0,0,0.033203095,0.38638163
weird,odd,9.2,0.32085517,0.2888236,0.23662208,0.19905093
bad,immoral,7.62,0,0,0.043522332,0.2588913
sad,funny,0.95,0.37724403,0.35302424,0.20451003,0.2589704
wonderful,great,8.05,0.0758057,0.09609847,-0.00978729,0.3124756
guilty,ashamed,6.38,0.0884245,0.22245087,0.08304132,0.33861852
beautiful,wonderful,6.5,0.39961547,0.44446507,0.4264323,0.40520984
confident,sure,8.27,0.12058826,0.15406236,0.0053452644,0.26550975
dumb,dense,7.27,0,0,0.20525594,0.19882658
large,big,9.55,0.28443465,0.2600942,0.13502038,0.28840172
nice,cruel,0.67,0.20927458,0.18798219,0.019157048,0.32177767
impatient,anxious,6.03,0.30533016,0.3357965,0.19296636,0.17142692
big,broad,6.73,0.1484571,0.16152978,0.29048923,0.31180608
strong,proud,3.17,0.18978582,0.19379695,0.114704095,0.042094942
unnecessary,necessary,0.63,0.30877018,0.32585746,0.946988,0.7905787
restless,young,1.6,-0.17300814,-0.17757873,-0.022149205,-0.015667792
dumb,intelligent,0.75,0,0,-0.13553675,0.06472284
bad,great,0.35,-0.025100922,-0.018392738,-0.036921125,0.21411036
difficult,simple,0.87,0.30737916,0.32535055,0.09619381,0.27930436
necessary,important,7.37,0.17856885,0.21981335,0.12678635,0.2533794
bad,terrific,0.65,-0.19137897,-0.17334223,0.14412653,0.17626053
mad,glad,1.45,0.24078858,0.1669336,0.35062397,0.2005861
honest,guilty,1.18,0.2042984,0.2330209,0.06319498,0.2385034
easy,tough,0.52,0,0,0.12381093,0.23708051
easy,flexible,4.1,0,0,-0.038808938,0.16500996
certain,sure,8.42,0.15062086,0.14630541,0.029620603,0.28499913
essential,necessary,8.97,0.24450563,0.28283572,0.32502517,0.49671724
different,normal,1.08,0,0,0.06264646,0.27952182
sly,clever,7.25,0.30927613,0.26009226,0.01821016,0.2625506
crucial,important,8.82,0,0,0.062332172,0.36476198
harsh,cruel,8.18,0.20283134,0.11899773,0.1364867,0.14625661
childish,foolish,5.5,-0.08285555,-0.077914335,0.29433933,0.11638744
scarce,rare,9.17,0.034437902,-0.018092522,0.06957334,0.27394125
friendly,generous,5.9,-0.015646012,0.001318081,0.1215822,0.21970774
fragile,frigid,2.38,0,0,0.44790253,0.3754167
long,narrow,3.57,0.10996868,0.13795824,0.2125033,0.3360964
big,heavy,6.18,0.106174625,0.08013802,0.044843167,0.27900153
rough,frigid,2.47,0,0,0.017918056,0.13761339
bizarre,strange,9.37,0,0,-0.019691063,0.22908458
illegal,immoral,4.28,0,0,0.50832045,0.4876791
bad,guilty,4.2,-0.06825213,-0.009580986,0.046307404,0.24182416
modern,ancient,0.73,0.45006186,0.51057994,0.23617952,0.22969215
new,ancient,0.23,0.21444972,0.21836779,0.01560834,0.25800046
dull,funny,0.55,-0.06675136,-0.14937203,0.07372471,0.065457165
happy,young,2,0.1139463,0.12820004,0.08047597,0.1691434
easy,big,1.12,0.018957824,0.04304143,-0.23589729,0.069341995
great,awful,1.17,-0.0180071,-0.04572458,-0.06250402,0.22431892
tiny,huge,0.6,0.17064984,0.20957659,0.038281742,0.34403464
polite,proper,7.63,0,0,0.1745194,0.122135565
modest,ashamed,2.65,0.09742223,-0.052938357,-0.1395715,0.1891938
exotic,rare,8.05,0,0,0.031058751,0.27367812
dumb,clever,1.17,0,0,-0.17051576,0.16374312
delightful,wonderful,8.65,0.2698209,0.25625938,0.47234422,0.20095962
noticeable,obvious,8.48,0,0,0.053977836,0.27972773
afraid,anxious,5.07,0.28821978,0.3113366,0.17638345,0.23662302
formal,proper,8.02,0,0,0.04923003,0.30961892
dreary,dull,8.25,-0.07290408,-0.06630028,0.13275672,0.07562442
delightful,cheerful,6.58,0.24045563,0.17882326,0.3649903,0.2262789
unhappy,mad,5.95,0.12638588,0.026855621,0.076661594,0.07400295
sad,terrible,5.4,-0.053189836,-0.034244254,0.11935574,0.09205668
sick,crazy,3.57,0,0,-0.031426266,0.1887717
violent,angry,6.98,0.24116507,0.15551086,0.11344665,0.18826704
laden,heavy,5.9,0,0,-0.070135884,0.21921697
dirty,cheap,1.6,0,0,0.016763194,0.33796093
elastic,flexible,7.78,0,0,0.05139858,0.3764482
hard,dense,5.9,0.106533706,0.15896328,-0.16147976,0.16312915
recent,new,7.05,-0.008764309,0.08736641,0.06326787,0.095222354
bold,proud,3.97,0.08402751,0.09288444,0.20024206,0.22635432
sly,strange,1.97,-0.004111569,-0.037187207,0.04453993,0.1858259
strange,sly,2.07,-0.004111569,-0.037187207,0.04453993,0.1858259
dumb,rare,0.48,0,0,0.059142534,0.41945028
sly,tough,0.58,0,0,0.047606643,0.29508477
terrific,mad,0.4,-0.12048957,-0.05794409,0.1586874,0.25695217
modest,flexible,0.98,0,0,-0.12487713,0.19271798
fresh,wide,0.4,0.08378281,0.12781776,-0.081068546,0.09146307
huge,dumb,0.48,0,0,0.058352668,0.22974826
large,flexible,0.48,0,0,-0.009960875,0.24301784
dirty,narrow,0.3,0.25431487,0.22527272,0.12521653,0.30509183
wife,husband,2.3,0.59701914,0.57923836,0.1582488,0.40017506
book,text,6.35,0,0,-0.09594105,0.15653417
groom,bride,3.17,0.24877582,0.13340999,0.05727036,0.38667873
night,day,1.88,0.43161142,0.32859898,0.395976,0.45885956
south,north,2.2,0.68266934,0.7233497,0.5072434,0.4930105
plane,airport,3.65,0,0,0.011908513,0.17954683
uncle,aunt,5.5,0.4451362,0.43823496,0.15796801,0.16717137
horse,mare,8.33,0.39260906,0.4622986,0.031770546,0.29685396
bottom,top,0.7,0.37897167,0.3429684,0.24064739,0.28194124
friend,buddy,8.78,0,0,-0.07998393,0.0075191804
student,pupil,9.35,0,0,-0.016689125,0.328295
world,globe,6.67,0.37358508,0.33334476,0.24992506,0.4388355
leg,arm,2.88,0.41899502,0.42133358,0.1448383,0.1860346
plane,jet,8.1,0,0,0.23106976,0.2325588
woman,man,3.33,0.47608542,0.4616248,0.6634091,0.49730572
horse,colt,7.07,0,0,0.0026214744,0.31638917
actress,actor,7.12,0,0,0.27741998,0.44229645
teacher,instructor,9.25,0,0,-0.080460906,0.16034348
movie,film,8.87,0,0,0.018459054,0.18225096
bird,hawk,7.85,0,0,-0.04605604,0.17393759
word,dictionary,3.68,0,0,0.02371121,0.28796807
money,salary,7.88,0.032307528,-0.009342393,0.050919708,0.26104036
dog,cat,1.75,0.40046978,0.43473974,0.18294884,0.38678995
area,region,9.47,0.39268672,0.44381553,0.21553154,0.1943353
navy,army,6.43,0,0,0.09515339,0.25537583
book,literature,7.53,0,0,-0.0037861941,0.2433451
clothes,closet,3.27,0,0,0.45181754,0.4009065
sunset,sunrise,2.47,0.35036936,0.33111286,0.57166576,0.50743866
child,adult,2.98,0,0,-0.10240962,0.2246107
cow,cattle,9.52,0.23456992,0.26378962,-0.051343534,0.12786414
book,story,5.63,0.3625483,0.33284056,0.094266795,0.30858552
winter,summer,2.38,0.52771837,0.476724,0.4721254,0.46369097
taxi,cab,9.2,0,0,0.059723496,0.19259326
tree,maple,5.53,0,0,0.022494216,0.22711813
bed,bedroom,3.4,0.45883888,0.40179482,0.56147045,0.4545661
roof,ceiling,7.58,0.34676862,0.36291438,0.26633212,0.33490822
disease,infection,7.15,0,0,0.17808495,0.34412807
arm,shoulder,4.85,0.53199995,0.57941574,0.2710976,0.35131365
sheep,lamb,8.42,0,0,0.04668353,0.037879415
lady,gentleman,3.42,0.38277838,0.41649482,0.11108821,0.270638
boat,anchor,2.25,0,0,0.04214815,0.23601124
priest,monk,6.28,0,0,-0.04829302,0.19004224
toe,finger,4.68,0,0,0.079355225,0.14817949
river,stream,7.3,0.70242465,0.65490025,0.26334897,0.534635
anger,fury,8.73,0.3555754,0.29746515,-0.0042452705,0.3097039
date,calendar,4.42,0,0,0.040066767,0.33861536
sea,ocean,8.27,0.5279878,0.48056257,0.37889633,0.3604777
second,minute,4.62,0.20290084,0.14122543,0.105257735,0.19539575
hand,thumb,3.88,0.18255325,0.17267033,0.086024046,0.17944609
wood,log,7.3,0,0,-0.04736625,0.18892236
mud,dirt,7.32,0.31060565,0.3801994,0.11362037,0.23786168
hallway,corridor,9.28,0,0,0.15767045,0.45792562
way,manner,7.62,0.14372678,0.14793655,-0.009339028,0.28987467
mouse,cat,1.12,0.40740612,0.46304777,0.04276375,0.32728985
cop,sheriff,9.05,0,0,0.038480353,0.3508525
death,burial,4.93,0,0,-0.16687822,0.07271466
music,melody,6.98,0,0,0.18393584,0.33241752
beer,alcohol,7.5,0,0,-0.032464862,0.2741102
mouth,lip,7.1,0.37305236,0.2958359,0.21672261,0.35375103
storm,hurricane,6.38,0,0,0.08823926,0.22822598
tax,income,2.38,0.3953,0.36764982,-0.027754724,0.31411275
flower,violet,6.95,0.20450827,0.20044467,0.041967135,0.16745788
paper,cardboard,5.38,0,0,-0.06753723,0.21720958
floor,ceiling,1.73,0.4812414,0.51345795,0.20787323,0.45684668
beach,seashore,8.33,0,0,0.22934863,0.28860265
rod,curtain,3.03,0.22806248,0.27593863,0.0667974,0.20743056
hound,fox,2.38,0,0,-0.0971125,0.2234293
street,alley,5.48,0,0,0.13392073,0.24488614
boat,deck,4.28,0.3876639,0.38470975,0.19738522,0.3802357
car,horn,2.57,0,0,0.06302139,0.1940772
friend,guest,4.25,0.34973466,0.40446928,0.0534877,0.25919187
employer,employee,3.65,0,0,0.83654237,0.9411605
hand,wrist,3.97,0.39224452,0.30612305,0.197476,0.5182353
ball,cannon,2.58,0,0,0.0021003387,0.17316672
alcohol,brandy,6.98,0,0,0.14656827,0.33254766
victory,triumph,8.98,0,0,0.1801207,0.33733028
telephone,booth,3.63,0,0,0.0070979707,0.2624823
door,doorway,5.4,0.31370354,0.30232486,0.7952396,0.5736671
motel,inn,8.17,0,0,-0.16224717,0.092676654
clothes,cloth,5.47,0.21007754,0.18227488,0.8126477,0.4901431
steak,meat,7.47,0,0,0.16669461,0.16283508
nail,thumb,3.55,0,0,-0.06929179,0.21711902
band,orchestra,7.08,0,0,0.07462117,0.22066496
book,bible,5,0,0,-0.01007651,0.11363002
business,industry,7.02,0,0,0.11891422,0.18948978
winter,season,6.27,0.44976932,0.47178358,0.1885131,0.5143923
decade,century,3.48,0,0,-0.12692116,0.20097545
alcohol,gin,8.65,0,0,-0.062553324,0.29827473
hat,coat,2.67,0.6750293,0.632576,0.5470778,0.4956207
window,door,3.33,0.5700958,0.5901071,0.43975174,0.4928428
arm,wrist,3.57,0.57836646,0.52559894,0.12138791,0.35437354
house,apartment,5.8,0.3984712,0.45029613,0.2664799,0.36722118
glass,crystal,6.27,0.29009745,0.22952147,0.13122511,0.19192834
wine,brandy,5.15,0.2656899,0.22763622,0.12826835,0.34330902
creator,maker,9.62,0,0,0.06253045,0.22377232
dinner,breakfast,3.33,0.5549492,0.6044827,0.13177463,0.4508515
arm,muscle,3.72,0,0,0.034425795,0.2771084
bubble,suds,8.57,0,0,-0.05291904,0.35488838
bread,flour,3.33,0,0,-0.08692619,0.22814271
death,tragedy,5.8,0.16212247,0.15049829,-0.052571647,0.14335625
absence,presence,0.4,0.4195088,0.42528987,0.55971265,0.45387095
gun,cannon,5.68,0,0,0.00086237374,0.20911129
grass,blade,4.57,0.407696,0.3992964,0.15951404,0.34157798
ball,basket,1.67,0.17892109,0.1254917,0.36678368,0.27442452
hose,garden,1.67,0,0,-0.059343338,0.08725236
boy,kid,7.5,0,0,0.2567349,0.34339538
church,choir,2.95,0,0,0.44110468,0.28731096
clothes,drawer,3.02,0.16400011,0.12930651,0.14431235,0.27942055
tower,bell,1.9,0.22931634,0.22392099,0.0029874635,0.19080867
father,parent,7.07,0,0,0.1254578,0.29269028
school,grade,4.42,0,0,0.09004417,0.21626617
parent,adult,5.37,0,0,-0.014834666,0.20955366
bar,jail,1.9,0,0,0.095808394,0.21141396
car,highway,3.4,0,0,-0.023328163,0.13136584
dictionary,definition,6.25,0,0,0.44700345,0.36318144
door,cellar,1.97,0.3996377,0.47517765,0.33349657,0.46582672
army,legion,5.95,0,0,0.018881736,0.12174535
metal,aluminum,7.25,0,0,0.25166196,0.36105233
chair,bench,6.67,0.31930518,0.31608307,0.27342194,0.3596192
cloud,fog,6,0,0,-0.038890895,0.11208531
boy,son,6.75,0.16352545,0.17456716,0.082518,0.2336507
water,ice,6.47,0.3837504,0.36456987,0.07919641,0.21869615
bed,blanket,3.02,0,0,0.13500203,0.21818113
attorney,lawyer,9.35,0,0,0.08612873,0.2609739
area,zone,8.33,0,0,0.04734786,0.22916766
business,company,9.02,0.27510175,0.30380568,0.12407056,0.1992966
clothes,fabric,5.87,0,0,-0.080740735,0.16032746
sweater,jacket,7.15,0,0,-0.07320115,0.100261986
money,capital,6.67,0.24911934,0.2395461,0.15277398,0.20116033
hand,foot,4.17,0.2964992,0.3303599,0.13694327,0.15230599
alcohol,cocktail,6.73,0,0,0.083578974,0.37094295
yard,inch,3.78,0,0,-0.012724306,0.25911638
molecule,atom,6.45,0,0,-0.055992913,0.26332164
lens,camera,4.28,0.20721053,0.20361519,-0.110608235,0.1388375
meal,dinner,7.15,0.29993695,0.18841018,0.13951583,0.31896508
eye,tear,3.55,0.114114486,0.11105981,-0.002352736,0.22659458
god,devil,1.8,0.3877044,0.40789187,0.13116641,0.3762592
loop,belt,3.1,0,0,0.121761285,0.34204847
rat,mouse,7.78,0.14479719,0.110244855,0.08827725,0.2323419
motor,engine,8.65,0,0,-0.012652983,0.16896412
car,cab,7.42,0.35074747,0.33707508,0.6535856,0.32353482
cat,lion,6.75,0.18177931,0.09480944,-0.0835274,0.17908093
size,magnitude,6.33,0,0,-0.049182177,0.18197456
reality,fantasy,1.03,0,0,0.18153863,0.3135322
door,gate,5.25,0.38083148,0.41505754,0.20468138,0.4122248
cat,pet,5.95,0,0,0.13714392,0.26199585
tin,aluminum,6.42,0,0,0.20330809,0.36492124
bone,jaw,4.17,0.34422877,0.32167906,-0.037135698,0.4162462
cereal,wheat,3.75,0,0,0.017891167,0.22555797
house,key,1.9,0.3455961,0.37534028,0.19840682,0.34523192
blood,flesh,4.28,0.39929128,0.44887444,0.22995453,0.31165797
door,corridor,3.73,0.52604115,0.533809,0.65117854,0.5652912
god,spirit,7.3,0.2940438,0.24615803,0.24053152,0.17019784
capability,competence,7.62,0,0,0.048355393,0.35181978
abundance,plenty,8.97,0,0,-0.01484008,0.049814124
sofa,chair,6.67,0.28221712,0.33688238,0.1706127,0.30838615
wall,brick,4.68,0.26961616,0.25823966,0.104876176,0.2342722
horn,drum,2.68,0,0,-0.016657723,0.22682954
organ,liver,6.15,0,0,-0.0050761206,0.22502477
strength,might,7.07,0.04584906,0.06566524,0.017185044,0.23158552
phrase,word,5.48,0.13585612,0.14924735,0.102970935,0.44262856
band,parade,3.92,0,0,-0.08830737,0.2658006
stomach,waist,5.9,0,0,0.19829653,0.2972016
cloud,storm,5.6,0.5096488,0.49503744,0.26249918,0.31980923
joy,pride,5,0.24074326,0.3104171,0.19977438,0.14130251
noise,rattle,6.17,0.5365788,0.4852628,0.22911528,0.3515539
rain,mist,5.97,0.45945555,0.45454296,0.041003175,0.1457507
beer,beverage,5.42,0,0,0.14204833,0.17938513
man,uncle,3.92,-0.012483971,-0.0589194,0.014955222,0.12482478
apple,juice,2.88,0,0,-0.031781666,0.34207502
intelligence,logic,6.5,0,0,0.114479825,0.2136015
communication,language,7.47,0.36869168,0.34412163,0.1862142,0.21461505
mink,fur,6.83,0,0,0.0073961024,0.24076638
mob,crowd,7.85,0,0,-0.024604337,0.286579
shore,coast,8.83,0.4852336,0.47989133,0.15433417,0.33599052
wire,cord,7.62,0.10165441,0.046047732,-0.095303126,0.29970175
bird,turkey,6.58,0,0,0.18639372,0.17710614
bed,crib,7.3,0,0,-0.06574019,0.120876156
competence,ability,7.5,0,0,0.032590207,0.32970068
cloud,haze,7.32,0.50601405,0.53877455,0.3078079,0.44349238
supper,meal,7.53,0.41842481,0.41278645,-0.034150638,0.30658087
bar,cage,2.8,0,0,0.0092242975,0.20637114
water,salt,1.3,0.19411436,0.23679663,0.13542649,0.11715136
sense,intuition,7.68,0,0,0.048937075,0.30956846
situation,condition,6.58,0.28391135,0.32211745,0.58146733,0.29272217
crime,theft,7.53,0,0,-0.018880274,0.22011313
style,fashion,8.5,0.21149817,0.25850245,0.06430564,0.18969402
boundary,border,9.08,0.39355108,0.37993875,0.20546755,0.52404845
arm,body,4.05,0.19587842,0.25163364,0.16340622,0.12726606
boat,car,2.37,0.33522534,0.30213144,0.14804901,0.16694583
sandwich,lunch,6.3,0,0,0.33538213,0.38644183
bride,princess,2.8,0,0,0.10905094,0.16812344
heroine,hero,8.78,0,0,0.6011305,0.82220924
car,gauge,1.13,0,0,0.15954812,0.22349256
insect,bee,6.07,0,0,-0.0082512535,0.20404284
crib,cradle,8.55,0,0,0.413655,0.4669869
animal,person,3.05,-0.10412271,-0.04047902,-0.056852788,0.17048803
marijuana,herb,6.5,0,0,-0.008805797,0.4636141
bed,hospital,0.92,0.038172293,0.011607657,-0.079400055,0.17121151
cheek,tongue,4.52,0.22979,0.12547892,0.0106051,0.25051692
disc,computer,3.2,0,0,0.014432352,0.2528529
curve,angle,3.33,0.39393222,0.39464378,0.07253633,0.21107976
grass,moss,5,0.5443582,0.5843999,0.36368975,0.399108
school,law,1.13,0.190632,0.19660343,-0.008262532,0.21608862
foot,head,2.3,0.39579713,0.39969805,0.19479266,0.340836
mother,guardian,6.5,0,0,-0.09349245,0.23372309
orthodontist,dentist,8.27,0,0,0.42205,0.70565355
alcohol,whiskey,7.27,0,0,-0.06461262,0.28389943
mouth,tooth,6.3,0.36028633,0.34698516,0.34370872,0.27993986
breakfast,bacon,4.37,0,0,0.15310869,0.2559989
bathroom,bedroom,3.4,0,0,0.7535387,0.5725595
plate,bowl,5.23,0,0,-0.0505608,0.29789093
meat,bacon,5.8,0,0,0.058697578,0.1892039
air,helium,3.63,0,0,0.0461508,0.20564878
worker,employer,5.37,0,0,0.21215805,0.21584323
body,chest,4.45,0.2675544,0.31512773,-0.010764092,0.2724907
son,father,3.82,0.4656725,0.47051132,0.31258684,0.46052563
heart,surgery,1.08,0,0,0.0009886371,0.23568913
woman,secretary,1.98,0,0,-0.076769374,0.24757704
man,father,4.83,0.18329236,0.1137082,0.09454932,0.31345817
beach,island,5.6,0.338787,0.41756776,0.077191725,0.04793917
story,topic,5,0.0661689,-0.01713088,0.19324784,0.24175902
game,fun,3.42,0.442869,0.40838745,0.02552615,0.49497253
weekend,week,4,0,0,0.68491423,0.6279363
couple,pair,8.33,0.22000667,0.26897275,0.076984145,0.23624134
woman,wife,5.72,0.31278366,0.33962458,0.34437793,0.23838127
sheep,cattle,4.77,0.39926615,0.3739593,0.09290083,0.5283498
purse,bag,8.33,0,0,-0.08625535,0.21013048
ceiling,cathedral,2.42,0,0,-0.024276692,0.22014761
bean,coffee,5.15,0,0,-0.052079786,0.15108292
wood,paper,2.88,0.015619101,0.08525498,-0.09420643,0.16157466
top,side,1.9,0.38012463,0.4413765,0.11910258,0.35035494
crime,fraud,5.65,0,0,-0.17217371,0.15296829
pain,harm,5.38,-0.04854189,0.020834927,-0.06070924,0.122854196
lover,companion,5.97,0.28928694,0.30567017,0.12540647,0.1479064
evening,dusk,7.78,0.31194678,0.28796846,0.050327297,0.30197263
father,daughter,2.62,0.45781007,0.4318598,0.2397449,0.45868877
wine,liquor,7.85,0,0,-0.06462947,0.06523167
cow,goat,2.93,0,0,-0.016206952,0.19203568
belief,opinion,7.7,0.35164368,0.37983957,0.1569065,0.23010865
reality,illusion,1.42,0,0,-0.038008694,0.22012056
pact,agreement,9.02,0,0,0.19290042,0.25675017
wealth,poverty,1.27,0.5292504,0.56390524,0.22368602,0.47252768
accident,emergency,4.93,0,0,0.15592593,0.31136847
battle,conquest,7.22,0,0,-0.20423704,0.17331633
friend,teacher,2.62,0,0,0.031437356,0.30609128
illness,infection,6.9,0,0,0.15714487,0.261838
game,trick,2.32,-0.09278603,-0.043162234,-0.10401412,0.19434416
brother,son,3.48,0.25731125,0.19960651,0.14636648,0.09329776
aunt,nephew,3.1,0,0,0.05735402,0.32468754
worker,mechanic,4.92,0,0,-0.002586773,0.13740072
doctor,orthodontist,5.58,0,0,0.05782323,0.32649598
oak,maple,6.03,0,0,-0.11149227,0.28196773
bee,queen,3.27,0,0,0.029560262,0.1827971
car,bicycle,3.47,0.24900152,0.26677215,0.08925456,0.35319513
goal,quest,5.83,0,0,0.003286758,0.21481751
august,month,5.53,0.5511733,0.5399034,0.056668274,0.48865214
army,squad,5.08,0,0,-0.08630945,0.1492571
cloud,weather,4.87,0.31854045,0.33995646,0.010401971,0.032923695
physician,doctor,8.88,0,0,-0.020366102,0.1615769
canyon,valley,6.75,0,0,-0.049790684,0.24055643
river,valley,1.67,0.6322352,0.6113237,0.4362215,0.4582131
sun,sky,2.27,0.5733993,0.5600058,0.5254271,0.48536792
target,arrow,3.25,0,0,0.19991589,0.21246135
chocolate,pie,2.27,0,0,0.17227726,0.41847658
circumstance,situation,7.85,0.29667696,0.3236635,0.12474149,0.29886594
opinion,choice,5.43,0.24166702,0.35750735,0.124616705,0.1429555
rhythm,melody,6.12,0,0,-0.019993193,0.28680626
gut,nerve,4.93,0,0,-0.08849143,0.16536465
day,dawn,5.47,0.29012075,0.26328835,0.5288584,0.29937902
cattle,beef,7.03,0.058367696,0.03945287,0.15190798,0.24197854
doctor,professor,4.65,0.12858997,0.11809902,0.23222022,0.2746438
arm,vein,3.65,0,0,0.036327492,0.33129832
room,bath,3.33,0,0,-0.060567103,0.33922836
corporation,business,9.02,0,0,-0.011456766,0.16555133
fun,football,1.97,0,0,0.12893493,0.25992107
hill,cliff,4.28,0.485205,0.50515354,0.27806193,0.37129688
bone,ankle,3.82,0,0,0.122258015,0.19748493
apple,candy,2.08,0,0,-0.08434683,0.24881436
helper,maid,5.58,0,0,0.092471115,0.28625572
leader,manager,7.27,-0.09982208,-0.12666789,0.13526803,0.22756015
lemon,tea,1.6,0,0,-0.019226316,0.28644422
bee,ant,2.78,0,0,-0.10421847,0.19926912
basketball,baseball,4.92,0,0,0.79048705,0.70206696
rice,bean,2.72,0,0,0.010264041,0.24005534
bed,furniture,6.08,0.3165581,0.3288457,0.081775665,0.36241102
emotion,passion,7.72,0.18180513,0.08988641,0.3341999,0.4003059
anarchy,chaos,7.93,0,0,0.33493102,0.48506686
crime,violation,7.12,0,0,0.21397653,0.4088102
machine,engine,5.58,0.12366929,0.16493413,0.346175,0.3571386
beach,sea,4.68,0.47075456,0.4593567,0.27921334,0.49848053
alley,bowl,1.53,0,0,-0.0027217166,0.20728832
jar,bottle,7.83,0,0,0.02838193,0.3236909
strength,capability,5.28,0,0,-0.045598835,0.21234223
seed,mustard,3.48,0,0,0.067744695,0.49182603
guitar,drum,3.78,0,0,0.031521626,0.26976657
opinion,idea,5.7,0.29677725,0.26026607,0.05988061,0.28305644
north,west,3.63,0.7718625,0.73406684,0.23266396,0.41139516
diet,salad,2.98,0,0,0.07544408,0.482452
mother,wife,3.02,0.5595187,0.53058517,0.1416782,0.32260844
dad,mother,3.55,0.28529403,0.32966024,0.074273646,0.37832087
captain,sailor,5,0.2638101,0.30173802,0.40519574,0.3599088
meter,yard,5.6,0,0,0.0143231815,0.09973958
beer,champagne,4.45,0.29816392,0.3741181,0.17356424,0.46717063
motor,boat,2.57,0,0,-0.037290983,0.1524659
card,bridge,1.97,0.25933072,0.24684371,0.13529283,0.10410054
science,psychology,4.92,0,0,-0.0073947087,0.15067263
sinner,saint,1.6,0,0,0.1733487,0.16314802
destruction,construction,0.98,0,0,0.6969272,0.62446135
crowd,bunch,7.42,0,0,-0.012505929,0.1371342
beach,reef,3.77,0,0,0.11309617,0.26423693
man,child,4.13,0.26055795,0.3155919,0.0026692979,0.29069895
bread,cheese,1.95,0.4738258,0.45289376,0.18730362,0.57917607
champion,winner,8.73,0,0,0.0015978802,0.4082528
celebration,ceremony,7.72,0,0,0.15683126,0.30001307
menu,order,3.62,0,0,-0.14040244,0.30498677
king,princess,3.27,0,0,0.060686085,0.30090553
wealth,prestige,6.07,0,0,0.023942677,0.37524295
endurance,strength,6.58,0,0,0.100461245,0.2860788
danger,threat,8.78,0.09591363,0.047341507,0.22524542,0.36560422
god,priest,4.5,0,0,-0.042792846,0.26586467
men,fraternity,3.13,0,0,-0.036097102,0.23347732
buddy,companion,8.65,0,0,-0.037907735,0.06858937
teacher,helper,4.28,0,0,0.07601111,0.29154
body,stomach,3.93,0,0,0.06449694,0.21267831
tongue,throat,3.1,0.2982568,0.2668002,0.06859631,0.22534354
house,carpet,1.38,0.13634853,0.2248863,0.12976547,0.33176616
intelligence,skill,5.35,0.11396793,0.09183268,0.1038912,0.2901301
journey,conquest,4.72,0,0,-3.4699096e-05,0.2765246
god,prey,1.23,0.3392482,0.26586998,-0.08292107,0.22469504
brother,soul,0.97,0.12872253,0.10330252,-0.051321063,0.069513716
adversary,opponent,9.05,0,0,-0.103567064,0.19862926
death,catastrophe,4.13,0.15454729,0.22022961,-0.026970645,0.06233179
monster,demon,6.95,0,0,0.18578523,0.19357406
day,morning,4.87,0.5413046,0.5172507,0.35928276,0.4545297
man,victor,1.9,0.04557346,0.045431748,0.12428044,0.2819211
friend,guy,3.88,0,0,0.06175099,0.3246582
song,story,3.97,0,0,-0.052036796,0.2928635
ray,sunshine,6.83,-0.032740865,-0.013562072,0.038539145,0.017697314
guy,stud,5.83,0,0,0.0104015125,0.28634328
chicken,rice,1.43,0,0,0.073553294,0.16474156
box,elevator,1.32,0,0,0.12733196,0.19113986
butter,potato,1.22,0,0,-0.019224113,0.44017044
apartment,furniture,1.28,0.14061573,0.19390084,0.057612497,0.3664589
lake,swamp,4.92,0,0,0.112260595,0.2095129
salad,vinegar,1.13,0,0,-0.05388665,0.413309
flower,bulb,4.48,0,0,0.053354528,0.15551007
cloud,mist,6.67,0.5589305,0.57478356,0.16116993,0.33756867
driver,pilot,6.28,0.2183939,0.15001105,0.10571518,0.27548444
sugar,honey,5.13,0,0,0.08810768,0.31269985
body,shoulder,2.88,0.05397845,0.027502012,-0.073017396,0.10304506
idea,image,3.55,0.173949,0.109658025,0.33259526,0.3506114
father,brother,4.2,0.35917005,0.3838083,0.45900032,0.328013
moon,planet,5.87,0.32752395,0.3510078,0.06559915,0.29556382
ball,costume,2.32,0.06871161,0.021896992,-0.08362009,0.015028854
rail,fence,5.22,0.30217272,0.2608007,-0.004774508,0.20471105
room,bed,2.35,0.4792388,0.46151206,0.18281025,0.38062593
flower,bush,4.25,0.24905346,0.26202667,0.021705706,0.18094921
bone,knee,4.17,0.27793872,0.21776211,0.34506264,0.29867277
arm,knee,2.75,0.42543417,0.45883924,0.2930649,0.33232203
bottom,side,2.63,0.11228709,0.09631395,0.08922455,0.22010642
vessel,vein,5.15,0,0,0.2817775,0.21899445
cat,rabbit,2.37,0.4452529,0.4633053,0.11430677,0.27214396
meat,sandwich,2.35,0,0,0.08792434,0.33131304
belief,concept,5.08,0,0,0.15682718,0.32490757
intelligence,insight,5.9,0,0,0.20917213,0.25600985
attention,interest,7.22,0.3278629,0.33180082,0.18405302,0.16658092
attitude,confidence,4.35,0.09664104,0.1370336,0.14356114,0.11151965
right,justice,7.05,0.048552338,0.03955221,-0.108092465,0.08049609
argument,agreement,1.45,0.28489685,0.3462437,0.645307,0.2962622
depth,magnitude,6.12,0,0,0.12709609,0.2997512
medium,news,3.65,0.035812024,0.08406173,0.099340804,0.24082956
winner,candidate,2.78,0,0,-0.13390058,0.25297067
birthday,date,5.08,0,0,0.19666599,0.34497428
fee,payment,7.15,0,0,-0.089324385,0.38136104
bible,hymn,5.15,0,0,0.06634921,0.2308807
exit,doorway,5.5,0,0,-0.06595853,0.061912734
man,sentry,3.25,0,0,-0.10693012,0.14021811
aisle,hall,6.35,0.28750002,0.37784013,0.04052319,0.37005863
whiskey,gin,6.28,0,0,0.0453827,0.30903852
blood,marrow,3.4,0,0,0.030523729,0.1539711
oil,mink,1.23,0,0,0.064056136,0.19949937
floor,deck,5.55,0.3969429,0.3895166,-0.02763497,0.079515405
roof,floor,2.62,0.32466856,0.36026666,0.41275117,0.41467613
door,floor,1.67,0.38115335,0.35678053,0.44163743,0.32719025
shoulder,head,3.42,0.60455376,0.5667691,0.23989564,0.47406033
wagon,carriage,7.7,0,0,0.1303058,0.31699187
car,carriage,5.13,0.37160736,0.3388937,0.6195775,0.45864254
elbow,ankle,3.13,0,0,0.0986655,0.25380477
wealth,fame,4.02,0,0,0.036487743,0.18381952
sorrow,shame,4.77,0,0,0.1542043,0.14971054
administration,management,7.25,0,0,0.040999077,0.33622268
communication,conversation,8.02,0.21115486,0.18209408,0.5520295,0.24870476
pollution,atmosphere,4.25,0,0,-0.048606206,0.22933684
anatomy,biology,5.33,0,0,0.10256379,0.32705218
college,profession,3.12,-0.092785515,-0.101806514,-0.07500158,0.28405833
book,topic,2.07,0.09915622,0.01923791,-0.0046972516,0.13117297
formula,equation,7.95,0,0,0.09378807,0.30489844
book,information,5,0.34849346,0.32678208,0.17303604,0.27168885
boy,partner,1.9,0.033216786,0.025341913,-0.05000511,0.14106114
sky,universe,4.68,0,0,-0.088196784,0.13560052
population,people,7.68,0.21449035,0.26441628,0.2554652,0.34971192
college,class,4.13,0.07029227,0.034051716,-0.022030247,0.24497508
chief,mayor,4.85,0.3340907,0.36347786,-0.17748183,0.2153294
rabbi,minister,7.62,0,0,0.093214646,0.24328133
meter,inch,5.08,0,0,0.10031461,0.3769737
polyester,cotton,5.63,0,0,0.20368901,0.3726272
lawyer,banker,1.88,0.31005237,0.23799622,0.36535993,0.3957921
violin,instrument,6.58,0.116541535,0.024303643,0.04326679,0.17263296
camp,cabin,4.2,0.14516447,0.14127107,0.5578751,0.1990783
pot,appliance,2.53,0,0,0.037452698,0.19115315
linen,fabric,7.47,0,0,0.034760613,0.41209745
whiskey,champagne,5.33,0,0,0.20411755,0.3195958
girl,child,5.38,0.5891916,0.56697243,0.30074856,0.5209243
cottage,cabin,7.72,0.378188,0.3687597,0.34408846,0.3715211
bird,hen,7.03,0,0,0.011865349,-0.05217583
racket,noise,8.1,0,0,-0.019833481,0.05244656
sunset,evening,5.98,0.23539133,0.27150878,0.10685224,0.31102133
drizzle,rain,9.17,0,0,0.17054538,0.34889284
adult,baby,2.22,0,0,0.010234814,0.47495827
charcoal,coal,7.63,0,0,0.65549207,0.73842484
body,spine,4.78,0,0,0.07021637,0.30382425
head,nail,2.47,0,0,-0.04141198,0.30073765
log,timber,8.05,0,0,0.028851174,0.2884458
spoon,cup,2.02,0,0,0.0009897582,0.2771366
body,nerve,3.13,0.061027125,-0.045911033,-0.036377735,0.06553543
man,husband,5.32,0.20897129,0.12520096,0.24634418,0.3814235
bone,neck,2.53,0.47847566,0.42248052,0.24366088,0.2799548
frustration,anger,6.5,0,0,0.061986674,0.23935628
river,sea,5.72,0.39939764,0.32026628,0.19496599,0.26441
task,job,8.87,0.08948061,0.1479585,0.1257247,0.23360863
club,society,5.23,0.16168267,0.12442206,0.05773827,0.18759711
reflection,image,7.27,0.14557363,0.20649056,-0.13616864,0.18186727
prince,king,5.92,0.23476084,0.23184414,0.026078258,0.31964326
snow,weather,5.48,0.50868756,0.53918713,0.18918747,0.2852707
people,party,2.2,0.12725763,0.06428168,0.071478434,0.035369616
boy,brother,6.67,0.14189616,0.12354472,0.21804273,0.0041287323
root,grass,3.55,0.14295411,0.27686325,0.22924031,0.20110668
brow,eye,3.82,0.39011326,0.37153018,0.24184318,0.2903916
money,pearl,2.1,0,0,0.10390679,0.21481955
money,diamond,3.42,0,0,0.21345617,0.23116638
vehicle,bus,6.47,0,0,0.1308735,0.31702846
cab,bus,5.6,0,0,0.14840792,0.19109002
house,barn,4.33,0,0,0.15169664,0.2957907
finger,palm,3.33,0.32598028,0.33533704,0.07860876,0.31448707
car,bridge,0.95,0.33075333,0.27235603,0.037638698,0.15408112
effort,difficulty,4.45,0.2810888,0.25724086,0.119364016,0.27299476
fact,insight,4.77,0,0,0.12546611,0.41661617
job,management,3.97,0,0,0.044806622,0.32982832
cancer,sickness,7.93,0,0,0.07671817,0.16835392
word,newspaper,2.47,-0.09768857,-0.103484236,0.022505471,0.21579066
composer,writer,6.58,0,0,0.035458207,0.14543661
actor,singer,4.52,0,0,-0.04907483,0.17050177
shelter,hut,6.47,0.11332114,0.08083229,0.120909035,0.26391694
bathroom,kitchen,3.1,0,0,0.3386026,0.17252551
cabin,hut,6.53,0.19338231,0.24895939,0.26226425,0.30077383
door,kitchen,1.67,0.42169368,0.47450888,0.40404913,0.4969292
value,belief,7.07,0.35252497,0.28835562,-0.08534517,0.18242489
wisdom,intelligence,7.47,0.33321673,0.38328946,0.034596723,0.18424316
ignorance,intelligence,1.5,0.3968951,0.38323164,0.37426504,0.13696218
happiness,luck,2.38,0.04792709,-0.041728206,-0.05847139,0.20519558
idea,scheme,6.75,0.28360817,0.19450592,0.2194244,0.32314038
mood,emotion,8.12,0.18712486,0.25401053,0.20102763,0.41584668
happiness,peace,6.03,0.4641973,0.5187396,0.20156299,0.2981796
despair,misery,7.22,0.48672214,0.5456694,0.11677479,0.41212666
logic,arithmetic,3.97,0,0,0.26598063,0.45500094
denial,confession,1.03,0,0,0.057551626,0.33749065
argument,criticism,5.08,0,0,0.1534845,0.26814345
aggression,hostility,8.48,0,0,0.11390467,0.30518758
hysteria,confusion,6.33,0,0,0.124847695,0.3455137
chemistry,theory,3.17,0.44913203,0.4065975,0.39284012,0.35960704
trial,verdict,3.33,0,0,0.1252204,0.3325454
comfort,safety,5.8,0.13494465,0.18307814,0.12301309,0.30684662
confidence,self,3.12,0.20548387,0.27805987,-0.09759937,0.21875696
vision,perception,6.88,0,0,0.39006433,0.23967265
era,decade,5.4,0,0,0.012053644,0.23706295
biography,fiction,1.38,0,0,0.20590931,0.3623537
discussion,argument,5.48,0.21473014,0.18589014,0.19624946,0.12900627
code,symbol,6.03,0,0,0.0066803154,0.48463684
danger,disease,3,0.3126085,0.3623447,0.12504598,0.30901718
accident,catastrophe,5.9,0.14137101,0.13693778,0.012229428,0.24117643
journey,trip,8.88,0.28031108,0.2759973,-0.01010037,0.21516155
activity,movement,7.15,0.131556,0.14098404,0.04117751,0.17637272
gossip,news,5.22,0,0,0.0063766683,0.36484382
father,god,3.57,0.27462307,0.26136047,0.015541101,0.2260208
action,course,5.45,0.29467517,0.3322151,0.07982266,0.22523671
fever,illness,7.65,0.33532816,0.40321037,0.040319804,0.16613102
aviation,flight,8.18,0,0,-0.015136235,0.19237164
game,action,4.85,0.011941717,0.026086634,-0.042488307,0.21376115
molecule,air,3.05,0,0,-0.09616689,0.17456087
home,state,2.58,-0.10840832,-0.02413179,0.03909,0.051932197
word,literature,4.77,0,0,-0.044602536,-0.006057272
adult,guardian,6.9,0,0,-0.10789451,0.26076248
newspaper,information,5.65,0.21163128,0.2204877,0.066723116,0.2979503
communication,television,5.6,0,0,0.056524258,0.19887069
cousin,uncle,4.63,0.470401,0.4223914,0.1725775,0.39453545
author,reader,1.6,0.01904651,0.005394302,0.21521637,0.2929726
guy,partner,3.57,0,0,-0.14023209,0.15636954
area,corner,2.07,0.19033627,0.12005164,-0.14312401,0.28687817
ballad,song,7.53,0,0,-0.056918617,0.24972878
wall,decoration,2.62,0,0,-0.13628042,0.12466727
word,page,2.92,0.12187059,0.22481324,0.036253616,0.3365517
nurse,scientist,2.08,0,0,-0.042609725,0.2789961
politician,president,7.38,0,0,0.12295114,0.2903274
president,mayor,5.68,0,0,0.03698048,0.23527311
book,essay,4.72,0,0,0.018878363,0.123525605
man,warrior,4.72,-0.11396931,-0.1395159,-0.14126612,0.1534436
article,journal,6.18,0.11485157,0.17856814,-0.048551653,0.2151791
breakfast,supper,4.4,0.3570813,0.39986196,0.09428176,0.3050099
crowd,parade,3.93,0,0,-0.082040645,0.19764805
aisle,hallway,6.75,0,0,0.04377995,0.282948
teacher,rabbi,4.37,0,0,0.15464719,0.3065317
hip,lip,1.43,0,0,0.41222143,0.4380186
book,article,5.43,0.14660582,0.037695173,0.10816856,0.22703208
room,cell,4.58,0,0,0.10236356,0.22627084
box,booth,3.8,0,0,0.501671,0.22002742
daughter,kid,4.17,0,0,-0.041269634,0.27431387
limb,leg,6.9,0.412876,0.36589116,0.28382915,0.16856831
liver,lung,2.7,0,0,0.13077143,0.3272908
classroom,hallway,2,0,0,0.23386607,0.40216008
mountain,ledge,3.73,0.18871209,0.21037608,0.12362156,0.23237449
car,elevator,1.03,0,0,0.10621562,0.048430648
bed,couch,3.42,0.067148864,0.102860555,-0.028760396,0.27232596
clothes,button,2.3,0.13843548,0.1028363,-0.03825602,0.020350844
clothes,coat,5.35,0.34083617,0.32799608,0.2536439,0.43734226
kidney,organ,6.17,0,0,-0.064827375,0.21772671
apple,sauce,1.43,0,0,0.027556108,0.3703717
chicken,steak,3.73,0,0,-0.05786767,0.29743493
car,hose,0.87,0,0,0.13413052,0.28662935
tobacco,cigarette,7.5,0.35000572,0.37067738,0.035133146,0.53161347
student,professor,1.95,0.3216936,0.3692364,0.099137746,0.49703214
baby,daughter,5,0.113585696,0.12091541,0.013371823,0.27347228
pipe,cigar,6.03,0.4665043,0.48059413,0.18701537,0.45807937
milk,juice,4.05,0,0,0.12057579,0.05918393
box,cigar,1.25,0.24954338,0.30805212,0.19031005,0.39097723
apartment,hotel,3.33,0.40441108,0.38911557,0.24462397,0.3956227
cup,cone,3.17,0,0,0.16305776,0.26823515
horse,ox,3.02,0,0,-0.020579387,0.0824587
throat,nose,2.8,0.38060835,0.4235256,0.21512042,0.1880436
bone,teeth,4.17,0.35557088,0.35865873,-0.032657743,0.28092703
bone,elbow,3.78,0.24023008,0.2527653,0.08158039,0.35268307
bacon,bean,1.22,0,0,0.26952752,0.44827852
cup,jar,5.13,0,0,-0.07021523,0.28383836
proof,fact,7.3,0.35174978,0.30454808,0.19693139,0.33636644
appointment,engagement,6.75,0.14914499,0.17483898,0.41130456,0.1596417
birthday,year,1.67,0,0,0.007919522,0.3586104
word,clue,2.53,-0.016245032,-0.023133855,0.12142619,0.14824155
author,creator,8.02,0.35013768,0.2811521,0.31206268,0.3745203
atom,carbon,3.1,0,0,-0.0018342552,0.31312555
archbishop,bishop,7.05,0,0,0.69792277,0.79338723
letter,paragraph,4,0.10737139,0.050067317,0.12639032,0.1848769
page,paragraph,3.03,0.2955128,0.30843273,0.4560758,0.34593633
steeple,chapel,7.08,0,0,-0.06838842,0.2934086
muscle,bone,3.65,0,0,0.11494958,0.14042859
muscle,tongue,5,0,0,0.062729314,0.22326565
boy,soldier,2.15,0.07915896,0.04183853,-0.005241385,-0.055322036
belly,abdomen,8.13,0,0,0.023937589,0.32150048
guy,girl,3.33,0,0,0.2694433,0.30822963
bed,chair,3.5,0.29038775,0.2650951,0.16407067,0.29465964
clothes,jacket,5.15,0.29530987,0.26401114,0.10293446,0.1400065
gun,knife,3.65,0.33262357,0.27839077,-0.19161755,0.096454225
tin,metal,5.63,0.42037174,0.3561373,0.11059141,0.26624843
bottle,container,7.93,0,0,-0.09107304,0.28259185
hen,turkey,6.13,0,0,0.08167334,0.4445183
meat,bread,1.67,0.3669352,0.30795106,0.33880404,0.41488627
arm,bone,3.83,0.43933654,0.3955409,0.23475799,0.29175273
neck,spine,5.32,0,0,0.24509434,0.30432627
apple,lemon,4.05,0,0,0.1561573,0.32224813
agony,grief,7.63,0.47740853,0.46719408,0.17895767,0.33870435
assignment,task,8.7,0,0,0.10536387,0.21152705
night,dawn,2.95,0.47947574,0.5149131,0.3738652,0.50654507
dinner,soup,3.72,0.29065415,0.21609227,-0.0026186975,0.37132663
calf,bull,4.93,0,0,-0.036151685,0.23112234
snow,storm,4.8,0.2978626,0.30440947,0.3492914,0.40690213
nail,hand,3.42,0,0,0.05613162,0.25119612
dog,horse,2.38,0.43278316,0.453602,-0.03560099,0.27613118
arm,neck,1.58,0.61894625,0.6321974,0.2871986,0.39414424
ball,glove,1.75,0,0,-0.11261357,0.15322039
flu,fever,6.08,0,0,0.25059947,0.16403387
fee,salary,3.72,0.29092395,0.25286716,-0.24122888,0.29948846
nerve,brain,3.88,0.3521494,0.20223844,0.10370119,0.32466865
beast,animal,7.83,0.35129577,0.35737452,0.060870092,0.30761254
dinner,chicken,2.85,0,0,-0.06909409,0.0325204
girl,maid,2.93,0.42851052,0.40482345,0.1883813,0.2899802
child,boy,5.75,0.24093664,0.22582118,0.07950875,0.13319542
alcohol,wine,7.42,0,0,-0.10910486,0.25275669
nose,mouth,3.73,0.24465308,0.30050552,0.08049032,0.24377567
street,car,2.38,0.18373527,0.20315261,0.08897115,0.23115161
bell,door,2.2,0.34686634,0.38668638,0.1030712,0.31714278
box,hat,1.3,0.39092132,0.35710135,0.23744996,0.25076202
belief,impression,5.95,0.32888913,0.3021267,0.06733811,0.23054361
bias,opinion,5.6,0,0,-0.07235832,0.23581079
attention,awareness,8.73,0,0,0.04641326,0.26539633
anger,mood,4.1,0.110973164,0.18483023,0.058373228,0.26673615
elegance,style,5.72,0,0,0.116269864,0.25675097
beauty,age,1.58,0.30219734,0.26313272,0.054088295,0.31569767
book,theme,2.58,0,0,0.096381746,0.28686658
friend,mother,2.53,0.35888043,0.384297,0.091590956,0.18591653
vitamin,iron,5.55,0,0,-0.08328233,0.23539308
car,factory,2.75,0,0,-0.034634765,0.25171924
pact,condition,2.45,0,0,0.087096296,0.1150725
chapter,choice,0.48,0.12261912,0.06822388,0.24076115,0.14299294
arithmetic,rhythm,2.35,0,0,0.12216071,0.38644588
winner,presence,1.08,0,0,-0.06113649,0.09633779
belief,flower,0.4,0.14130546,0.10772262,-0.026988875,0.05392205
winner,goal,3.23,0,0,0.07560768,0.22739018
trick,size,0.48,0.20353428,0.118146434,0.03936269,0.0367254
choice,vein,0.98,0,0,0.026519716,0.1251512
hymn,conquest,0.68,0,0,0.01867618,0.23843573
endurance,band,0.4,0,0,0.04807451,0.2458456
jail,choice,1.08,0,0,0.10087155,0.27009422
condition,boy,0.48,-0.102648444,-0.07460515,0.027120387,0.030968457
flower,endurance,0.4,0,0,-0.012721956,0.162321
hole,agreement,0.3,-0.2104148,-0.1618995,-0.07455581,0.12141196
doctor,temper,0.48,-0.060084347,-0.094446264,-0.07128137,0.04442817
fraternity,door,0.68,0,0,0.13211149,0.35842937
task,woman,0.68,-0.036355957,-0.03579681,0.14527188,0.21542445
fraternity,baseball,0.88,0,0,-0.014552386,0.37683788
cent,size,0.4,0,0,-0.005674275,0.15455721
presence,door,0.48,0.11218997,0.1361633,0.03327863,0.15337601
mouse,management,0.48,0,0,0.091084085,0.10985022
task,highway,0.48,0,0,-0.22844592,0.06492386
liquor,century,0.4,0,0,0.13359095,0.07281383
task,straw,0.68,-0.23206605,-0.25859353,-0.07434098,0.26125395
island,task,0.3,0.1496786,0.15975498,0.024261503,0.15929945
night,chapter,0.48,0.031828765,0.034729667,0.082703695,0.295521
pollution,president,0.68,0,0,0.008262364,0.40834463
gun,trick,0.48,0.13489255,0.16558951,0.086708315,0.1546983
bath,trick,0.58,0,0,0.05229233,0.15899825
diet,apple,1.18,0,0,-0.01322287,0.2956889
cent,wife,0.58,0,0,-0.08234767,0.2536954
chapter,tail,0.3,-0.12759711,-0.05100236,0.06210097,0.30116257
course,stomach,0.58,0,0,0.022145513,0.3239091
hymn,straw,0.4,0,0,0.10007806,0.24551646
dentist,colonel,0.4,0,0,-0.087161794,0.13983941
wife,straw,0.4,0.03932489,0.030015102,-0.12112316,0.15902461
hole,wife,0.68,-0.08074756,-0.061134305,-0.026732473,0.1244666
pupil,president,0.78,0,0,0.17236981,0.32010487
bath,wife,0.48,0,0,-0.11042486,0.18214373
people,cent,0.48,0,0,0.083389424,0.26795945
formula,log,1.77,0,0,-0.013295926,0.15273881
woman,fur,0.58,0,0,-0.08977314,0.1016968
apple,sunshine,0.58,0,0,0.03875006,0.2930708
gun,dawn,1.18,0.17493756,0.18679965,0.15763195,0.12549275
meal,waist,0.98,0.067567274,0.10834747,-0.026512595,0.20944439
camera,president,0.48,0,0,0.09288078,0.4457432
liquor,band,0.68,0,0,-0.026089303,0.15920144
stomach,vein,2.35,0,0,-0.15099351,0.20310138
gun,fur,0.3,0,0,0.0012796116,0.12251135
couch,baseball,0.88,0,0,-0.045798026,0.26116818
worker,camera,0.68,0,0,-0.08483631,0.15452953
deck,mouse,0.48,0.1977799,0.14845556,0.009129546,0.14200962
rice,boy,0.4,0.13837555,0.18274303,0.16059314,0.29524806
people,gun,0.68,0.14185439,0.12829211,-0.032525726,0.20639619
cliff,tail,0.3,0.29582042,0.34234118,0.2226214,0.20674433
ankle,window,0.3,0,0,-0.025919037,0.17387067
princess,island,0.3,0,0,-0.018149309,0.2605454
container,mouse,0.3,0,0,0.0057534534,0.09857266
wagon,container,2.65,0,0,0.07618054,0.1271127
people,balloon,0.48,0.003961451,0.04623267,0.017766118,0.12035718
dollar,people,0.4,0,0,-0.04722544,0.092535004
bath,balloon,0.4,0,0,0.3574259,0.3661978
stomach,bedroom,0.4,0,0,0.10629621,0.2780905
bicycle,bedroom,0.4,-0.0026701707,0.07004296,0.099683516,0.18796149
log,bath,0.4,0,0,-0.048552256,0.28692076
bowl,tail,0.48,0,0,0.3764115,0.43939456
go,come,2.42,0.55358744,0.5248608,0.3154364,0.53105295
take,steal,6.18,0,0,0.072541915,0.3410109
listen,hear,8.17,0.32760122,0.29535592,0.13959594,0.38234034
think,rationalize,8.25,0,0,-0.033203773,0.2569451
occur,happen,9.32,0.5615561,0.6230772,0.224065,0.27562636
vanish,disappear,9.8,0,0,0.26420316,0.25207722
multiply,divide,1.75,0,0,0.06155656,0.2744268
plead,beg,9.08,0,0,-0.102384016,0.22557133
begin,originate,8.2,0,0,0.2725385,0.25788978
protect,defend,9.13,0.10113735,0.17404856,0.22170196,0.26325968
kill,destroy,5.9,0.41127217,0.4116152,0.3530074,0.3096705
create,make,8.72,0.37804905,0.40531957,0.13215458,0.34407806
accept,reject,0.83,0,0,0.2115989,0.48878777
ignore,avoid,6.87,0,0,0.068111524,0.19934648
carry,bring,5.8,0.590774,0.593469,0.12324304,0.21437426
leave,enter,0.95,0.32924318,0.34982738,0.030373644,0.28088337
choose,elect,7.62,0,0,0.0938185,0.28716153
lose,fail,7.33,0.21520202,0.23233752,0.051629692,0.21567012
encourage,discourage,1.58,0,0,0.65927243,0.82011235
achieve,accomplish,8.57,0,0,0.27433598,0.44039372
make,construct,8.33,0,0,0.13910472,0.21414687
listen,obey,4.93,0.05390449,0.11555542,-0.045007676,0.20620553
inform,notify,9.25,0,0,0.07175177,0.23091267
receive,give,1.47,0.51761687,0.52068335,0.5808162,0.40670124
borrow,beg,2.62,0,0,-0.02864707,0.044769935
take,obtain,7.1,0.18730207,0.14621226,0.21273275,0.1970418
advise,recommend,8.1,0,0,0.030046111,0.183367
imitate,portray,6.75,0,0,0.04805107,0.20286712
win,succeed,7.9,0.24538656,0.25214598,-0.013571289,0.2161938
think,decide,5.13,0.08627952,0.15116857,0.08035432,0.29796255
greet,meet,6.17,0,0,0.43170625,0.24741077
agree,argue,0.77,0.25217503,0.19955868,0.20830964,0.22600062
enjoy,entertain,5.92,0,0,0.24560465,0.25918743
destroy,make,1.6,0.3244805,0.40163183,0.09953078,0.2071205
save,protect,6.58,-0.16127867,-0.088419564,-0.14708382,0.12726493
give,lend,7.22,0.19945915,0.31249955,0.08350546,0.165679
understand,know,7.47,0.5365853,0.49929395,0.3957484,0.4317991
take,receive,5.08,0.49664822,0.52726704,0.09425084,0.28628886
accept,acknowledge,6.88,0,0,0.27378732,0.2268393
decide,choose,8.87,0.28962094,0.30430466,0.056621287,0.22463454
accept,believe,6.75,0.23562475,0.19056195,0.2129036,0.36290282
keep,possess,8.27,0.13547166,0.12422554,-0.08655996,0.07765612
roam,wander,8.83,0,0,-0.1271633,0.08522194
succeed,fail,0.83,0.34521893,0.3858022,0.15198667,0.39106596
spend,save,0.55,0.012720226,0.040333137,0.13980947,0.20805913
leave,go,7.63,0.4669199,0.43822804,0.29573223,0.48066744
come,attend,8.1,0.28164572,0.311763,0.09937222,0.11847771
know,believe,5.5,0.3772126,0.35966584,0.051524553,0.4196806
gather,meet,7.3,0.25669584,0.27036005,0.045684066,0.35355604
make,earn,7.62,0.49498266,0.5194691,0.11526224,0.35206634
forget,ignore,3.07,0,0,0.05645567,0.15883529
multiply,add,2.7,0,0,-0.11137173,0.22538233
shrink,grow,0.23,0,0,-0.09143611,0.16182823
arrive,leave,1.33,0.34250566,0.34737697,0.26286796,0.36980426
succeed,try,3.98,0.30254996,0.3382986,0.06055236,0.18404333
accept,deny,1.75,0.17137346,0.11468737,0.012688589,0.3267253
arrive,come,7.05,0.18913133,0.20697658,0.18069011,0.26410514
agree,differ,1.05,0,0,-0.017764512,0.0785303
send,receive,1.08,0.38511214,0.42226022,0.056679536,0.23137742
win,dominate,5.68,0,0,0.04543954,0.30282006
add,divide,2.3,0,0,0.044707946,0.17254502
kill,choke,4.92,0,0,0.013920878,0.25750816
acquire,get,8.82,0,0,-0.031461697,0.21188882
participate,join,7.7,0,0,0.04081876,0.2885247
leave,remain,2.53,0.4878972,0.5178021,0.18426582,0.2584227
go,enter,4,0.36243194,0.36529243,-0.013878795,0.17179783
take,carry,5.23,0.45377573,0.44622558,0.10340039,0.34745184
forget,learn,1.18,0.32714352,0.32625535,0.032476254,0.15355445
appoint,elect,8.17,0,0,0.048368536,0.22630633
engage,marry,5.43,0.236984,0.1940608,0.11825165,0.21231191
ask,pray,3.72,0.10878831,0.13582952,0.18443961,0.24642235
go,send,3.75,0.46760035,0.474706,0.16991316,0.25142667
take,deliver,4.37,0.46769115,0.48629466,0.1829917,0.28314608
speak,hear,3.02,0.46742007,0.48639756,0.29550454,0.3152743
analyze,evaluate,8.03,0,0,0.32717854,0.4548212
argue,rationalize,4.2,0,0,0.08289355,0.34968317
lose,keep,1.05,0.086148255,0.106185324,-0.030425763,0.048246436
compare,analyze,8.1,0,0,-0.031099794,0.26342973
disorganize,organize,1.45,0,0,0.5695209,0.80554974
go,allow,3.62,0.17546085,0.25071114,0.12779725,0.26668015
take,possess,7.2,0.24222231,0.20897388,0.01625229,0.17668904
learn,listen,3.88,0.18267895,0.18338263,0.16411732,0.3383581
destroy,construct,0.92,0,0,0.3066817,0.1910068
create,build,8.48,0.116743,0.2094562,-0.022370933,0.2845925
steal,buy,1.13,0,0,-0.21673338,0.2441698
kill,hang,4.45,0.122028194,0.17255588,-0.16032137,0.24672322
forget,know,0.92,0.31283247,0.3246499,0.19751333,0.29622743
create,imagine,5.13,0.3842335,0.3816864,0.16227314,0.27397475
do,happen,4.23,0.18296051,0.22020271,0.29439038,0.35726228
win,accomplish,7.85,0.10448874,-0.036211476,0.0887016,0.39909714
give,deny,1.43,0.250025,0.117936745,0.0149968285,0.33789352
deserve,earn,5.8,0,0,-0.015184351,0.23249711
get,put,1.98,0.3965729,0.41873822,0.45624277,0.3704576
locate,find,8.73,0,0,0.095087714,0.22418897
appear,attend,6.28,0.3014311,0.2944415,0.19225106,0.19925532
know,comprehend,7.63,0.19747894,0.2116955,0.17771085,0.2458827
pretend,imagine,8.47,0.1472816,0.1294039,0.12590162,0.2887407
satisfy,please,7.67,0.040078986,-0.068110615,0.15944444,0.21978045
cherish,keep,4.85,0,0,-0.006374434,0.33294952
argue,differ,5.15,0,0,0.15691097,0.0610789
overcome,dominate,6.25,0,0,0.24198522,0.15675451
behave,obey,7.3,0,0,0.2731851,0.40403387
cooperate,participate,6.43,0,0,0.35163537,0.3460441
achieve,try,4.42,0,0,-0.04393717,0.23449285
fail,discourage,3.33,0,0,-0.060156364,0.26747447
begin,quit,1.28,0.39684796,0.2996586,0.08817288,0.12940317
say,participate,3.82,0,0,0.10571357,0.38875756
come,bring,2.42,0.47469816,0.43646502,0.1508061,0.32861662
declare,announce,9.08,0,0,0.024898874,0.16572593
read,comprehend,4.7,0.12375272,0.09190373,0.1394078,0.2832507
take,leave,2.47,0.51668185,0.5150495,0.2557915,0.53585005
proclaim,announce,8.18,0,0,0.11356635,0.31467474
acquire,obtain,8.57,0,0,0.2033045,0.2614758
conclude,decide,7.75,0,0,0.28436095,0.25296816
please,plead,2.98,0,0,0.66896844,0.6349271
argue,prove,4.83,0.22641629,0.29936042,0.17074777,0.1314007
ask,plead,6.47,0,0,0.06083444,0.22143729
find,disappear,0.77,0,0,0.116310544,0.06731524
inspect,examine,8.75,0,0,0.20638876,0.06429084
verify,justify,4.08,0,0,0.18206564,0.50863034
assume,predict,4.85,0,0,0.2106494,0.36791745
learn,evaluate,4.17,0,0,0.12362045,0.24734898
argue,justify,5,0,0,-0.0679945,0.18739991
make,become,4.77,0.27091926,0.2605902,0.24609967,0.35269707
discover,originate,4.83,0,0,0.09176112,0.2403046
achieve,succeed,7.5,0,0,0.13404195,0.41631386
give,put,3.65,0.38994676,0.38758782,0.20239054,0.31963176
understand,listen,4.68,0.17151666,0.1911784,0.0039004046,0.2815293
expand,grow,8.27,0,0,0.03487892,0.13957691
borrow,sell,1.73,0,0,0.054350466,0.32530951
keep,protect,5.4,-0.059674982,-0.00966812,-0.043960784,0.093921006
explain,prove,4.1,0.34747154,0.36639822,-0.0091747865,0.24922557
assume,pretend,3.72,0.14040488,0.061911516,0.09230792,0.37935376
agree,please,4.13,0.30458984,0.39471295,0.1027173,0.29993135
forgive,forget,3.92,0.3446595,0.40068638,0.5739174,0.5136555
clarify,explain,8.33,0,0,0.025075318,0.24043204
understand,forgive,4.87,0.23001955,0.29366004,0.09337353,0.33197922
remind,forget,0.87,0.24349508,0.28748578,0.1304418,0.47041008
get,remain,1.6,0.3678731,0.36700282,0.13820677,0.30696863
realize,discover,7.47,0,0,0.11126388,0.22006392
require,inquire,1.82,0,0,0.61949587,0.3912054
ignore,ask,1.07,0,0,-0.10049667,0.14254728
think,inquire,4.77,0,0,0.061837357,0.2675362
reject,avoid,4.78,0,0,0.158879,0.26332843
argue,persuade,6.23,0.06254468,0.16884644,0.057686705,0.27101594
pursue,persuade,3.17,0.43525425,0.3800137,0.26705417,0.3421713
accept,forgive,3.73,0.28765434,0.28077912,0.15241316,0.32213977
do,quit,1.17,0.12046709,0.06948107,0.040306076,0.20664103
investigate,examine,8.1,0,0,0.13651478,0.2957185
discuss,explain,6.67,0.31003696,0.31062487,0.088392645,0.1541041
owe,lend,2.32,0.30651096,0.3278865,0.1202462,0.32424968
explore,discover,8.48,-0.10259222,-0.031841565,-0.029853798,0.1664353
complain,argue,4.8,0.031048747,0.0811092,0.17797215,0.34964737
withdraw,reject,6.38,0,0,0.18324223,0.34362626
keep,borrow,2.25,0,0,0.05145437,0.23980515
beg,ask,6,0.3471534,0.34178606,0.08196729,0.34044045
arrange,organize,8.27,0,0,0.21933599,0.37401175
reduce,shrink,8.02,0,0,-0.18611719,0.077026054
speak,acknowledge,4.67,0,0,-0.1559752,0.17476502
give,borrow,2.22,0,0,-0.025197314,0.19214812
kill,defend,2.63,0.25095803,0.31574222,0.056321297,0.20015226
disappear,shrink,5.8,0,0,0.052054133,0.12514237
deliver,carry,3.88,0.46158335,0.43368706,-0.050543115,0.256803
breathe,choke,1.37,0,0,-0.061300494,0.16912991
acknowledge,notify,5.3,0,0,0.093705945,0.28406787
become,seem,2.63,0.30494982,0.32235667,0.105855465,0.19564676
pretend,seem,4.68,0.2507857,0.17427374,0.053924922,0.28740415
accomplish,become,4,0.13950388,0.12776564,0.3652648,0.32672694
contemplate,think,8.82,0,0,0.03154144,0.09515701
determine,predict,5.8,0,0,0.024828026,0.24463205
please,entertain,5,0,0,-0.095949344,0.09896005
remain,retain,5.75,0.3080658,0.30589002,0.66522914,0.273743
pretend,portray,7.03,0,0,-0.0347652,0.29492322
forget,retain,0.63,0.20449056,0.09963328,0.2530469,0.30086094
want,choose,4.78,0.08571865,0.0894202,0.043921124,0.2518304
lose,get,0.77,0.23951799,0.270068,0.03828914,0.37392107
try,think,2.62,0.38096684,0.33096546,0.16658565,0.15494378
become,appear,4.77,0.29552752,0.3199158,0.15713221,0.2785106
leave,ignore,4.42,0,0,0.0032764857,0.06799946
accept,recommend,2.75,0,0,0.14523827,0.38387612
leave,wander,3.57,0.01641921,-0.008433437,0.09800532,0.30840486
keep,give,1.05,0.4845938,0.49072087,0.1935701,0.3151036
give,allow,5.15,0.49668008,0.5197288,0.12404427,0.29758036
bring,send,2.97,0.49311537,0.5615989,0.10239435,0.28231615
absorb,learn,5.48,0,0,-0.03388312,0.27500758
acquire,find,6.38,0,0,0.13074487,0.20506217
leave,appear,0.97,0.21323867,0.20386508,0.1751531,0.279158
create,destroy,0.63,0.65500623,0.6904248,0.053572763,0.40309098
begin,go,7.42,0.45864132,0.4061492,0.2615775,0.25785896
get,buy,5.08,0.37666017,0.34451857,0.15907004,0.36938867
collect,save,6.67,0.09158731,0.09812032,-0.10475859,0.09682811
replace,restore,5.73,0.27108324,0.3022759,0.3301871,0.17455177
join,add,8.1,-0.0070663975,0.07138726,0.032591928,0.11296756
join,marry,5.35,0.29758427,0.36165547,0.25681618,0.14490534
accept,deliver,1.58,0.45369646,0.4583884,0.11246596,0.26747236
attach,join,7.75,0,0,-0.1294104,0.14370306
put,hang,3,-0.08195647,-0.075747706,0.17314197,0.3164163
go,sell,0.97,0.16950811,0.16345894,0.09562457,0.10500735
communicate,pray,3.55,0.04002241,0.02871463,0.10639873,0.25773183
give,steal,0.5,0,0,-0.16722082,0.24776398
add,build,4.92,0.09553411,0.10452375,-0.095819145,0.032605346
bring,restore,2.62,0.27689904,0.29732138,-0.0072536105,0.20128585
comprehend,satisfy,2.55,0.27368647,0.2547515,0.06489322,0.17156053
portray,decide,1.18,0,0,-0.025790796,0.120727934
organize,become,1.77,0,0,-0.030149424,0.10249483
give,know,0.88,0.1761696,0.14364374,0.08040364,0.40102327
say,verify,4.9,0,0,0.082713,0.20552954
cooperate,join,5.18,0,0,-0.00170452,0.2764207
arrange,require,0.98,0,0,0.1582695,0.3384455
borrow,want,1.77,0,0,-0.04569142,0.14351861
investigate,pursue,7.15,0,0,0.042598877,0.06999604
ignore,explore,0.4,0,0,0.31517705,0.19685976
bring,complain,0.98,-0.09823573,-0.025093146,0.048170276,0.24886446
enter,owe,0.68,-0.11357584,-0.043032918,0.043955866,0.2527498
portray,notify,0.78,0,0,-0.015382221,0.40320817
remind,sell,0.4,0.17781787,0.21776773,-0.067194305,0.032601073
absorb,possess,5,0,0,-0.028637601,0.30107883
join,acquire,2.85,0,0,-0.04180357,0.15620008
send,attend,1.67,0.41314602,0.39971063,0.4762686,0.37783828
gather,attend,4.8,0.24232124,0.20816502,0.094211385,0.120631345
absorb,withdraw,2.97,0,0,0.11988059,0.24906194
attend,arrive,6.08,0.2614947,0.2594797,0.13607891,0.27349082
